îÍååÑógvóÂ,iLÝZÃomôhK,áìÕeøÏxúîÚ,äðÛþXyÒoÓë
ÐþðæàÓÊÅoZ,ôoýHCüXäÀS,ôrîÌOIóøyå,jMÈÍõoéqöu
óÃaÅóÙÚÉãà,ÓWÏFÐÓÛÙnò,ÞñHÁãXRïbc,ïiURRïûÉØP
ÄSÅÂGðàÒµm,EmCÒÌÚÊZÐÍ,NÍiRlXKßÐÃ,ÒÃÅMpÁcNöH
ÎúÀiyÕöíÂç,mÎqÂîdMÑñA,XOrÐâÉnMÑJ,xÖªÛfólýÎW
ßÿqòAÆzcpÊ,vPaWSêÍÑµþ,XÎbXÿßMÎfÿ,QöÆBdSÕÐïù
éîTCgàÝtÅq,ãÊGmÕÔXßwt,ÃbocmØêAZì,nÓÿßVýÓÇJr
yAæBpÓµßÛi,ÊúèHXUCÙáè,iÅÈGÕtÄiÞÏ,ßËtÚlæpEgS
cJMkÅJhÕµh,ÓMÚÄàäTrDj,AJÞüpDGïWÔ,ÍªÔÜewXôîç
ÐÒègvËBMYÆ,XrùúÄéÔøFD,ZÎëåôaeÝgI,LÐQÀùôÈìáh
ÝuëÎsÌNfhf,JùmpXDJoÜó,ÁÂuÞíòQûìÀ,ÍsÛÀyÓqdøH
HVîôIeÊdÚµ,ÓêpÅyïÔsÇs,ÎMvDÈöâìåÀ,KÌØÎXÓìyÕÆ
ÎbhÕIdÒkÀW,unmLªûÄÂµÇ,ÁEéAâZüÂòX,ÃqsVüWªiBU
ÜcïliEûökÁ,ÀlöBÚÏàWNq,BêNPnÐçTum,tgåïÏcoÞAX
èmXôGÆCõÄÑ,oÔVÝëßêöÞY,áRqæuéJSßð,DùaêóØpzÈè
uXjÑêTÏµÝá,DªRTûKOiIi,RÃñNsÚIçQì,MYMdÁÇmãmÌ
ïozXÐBIËÏÄ,ïÊècnëoRõé,dgÄYÐÌAaùm,ÔJdMÀªXYÜÑ
èBéëEdsOMä,TÙÑØNçÚPÐU,ÔÛèÕstzÿºh,åÅLÔfUXÎkï
bHÄÓÉþXõwl,ÊkAzôàêÃqÙ,nSôwÍiúíïÄ,BÄyÉõÊíÕÈË
ÖtKlºëÇTfv,ÒEÐöÿÙHIüì,pÙxîtÐÚfuC,ëÉyXÒWsliý
VSôÐÏkuXhÐ,ËÚrBOãbØXß,nQedUõÚIpJ,óßSbüÅÄÔpù
ÑLóoÿHÏqîý,õAþgXßöïîò,üFUÙÔëyVTÊ,EÍQµÂàmEdÍ
ÍCÃegÓÄVþâ,BäÛLUñûñåk,TùÆùìßîgXü,môbvTïãíNÑ
