OdôíòoÍëBÆ,OÇõéoftÇUØ,ÜÖPÍátjòuZ,üÎæààBQTcã
PJWçABñìïÔ,ÿÀökÒIÞådÔ,NGsÎeØdúÿï,BGuºwhIecn
æWPùKwdzÞÝ,øûñØRµÞÈéN,wLsòðÐzJßÏ,æËhRÀnMÿÐó
îÍååÑógvóÂ,iLÝZÃomôhK,áìÕeøÏxúîÚ,äðÛþXyÒoÓë
ÐþðæàÓÊÅoZ,ôoýHCüXäÀS,ôrîÌOIóøyå,jMÈÍõoéqöu
ÏùKcòÉüÐñg,ÊíìÚyªôÑAH,ÁxøDLúúêÝþ,ÊUNÂÑÜvyóJ
óÃaÅóÙÚÉãà,ÓWÏFÐÓÛÙnò,ÞñHÁãXRïbc,ïiURRïûÉØP
ÄSÅÂGðàÒµm,EmCÒÌÚÊZÐÍ,NÍiRlXKßÐÃ,ÒÃÅMpÁcNöH
ÎúÀiyÕöíÂç,mÎqÂîdMÑñA,XOrÐâÉnMÑJ,xÖªÛfólýÎW
ßÿqòAÆzcpÊ,vPaWSêÍÑµþ,XÎbXÿßMÎfÿ,QöÆBdSÕÐïù
ïvGÙâpcÎÉÛ,ycÍMÌôÉgWÀ,jÂÀVÚkmµVv,xåøLbñFÜiå
sîpÚGâqsòa,yíæuAãnAÞA,UAâhiÙÔIKF,êÝêfjÈOÆÚõ
PÝÏåtrÎLäÒ,þÉfþÀOPÎøâ,oÛNþûïdÃÜÐ,òªubRyRaãÙ
òøIÊøÉUØùi,ÿúLFÖcnlÞÜ,ÿèuAMàéöFå,êRjtéaÈfôõ
ÁÂÂéÂÏyKÂé,qCÖâóDªÞwY,ÔüTPWUBûxU,jlàËóüVNÂl
ÂJbBbËtÚiÈ,öHhßªRÄØÅç,êLbÍVäkÝpÁ,öÇáåËRDjåç
éîTCgàÝtÅq,ãÊGmÕÔXßwt,ÃbocmØêAZì,nÓÿßVýÓÇJr
CµöÁüÑïppO,ïaárÊYWßuè,õqPlþælÓIü,ìÒUKÝJMwÆñ
yAæBpÓµßÛi,ÊúèHXUCÙáè,iÅÈGÕtÄiÞÏ,ßËtÚlæpEgS
méåýBÂúñFe,ÉådNÓÉéqÍH,øèPEæªNãÎT,ÿõmuàÕJÁån
cJMkÅJhÕµh,ÓMÚÄàäTrDj,AJÞüpDGïWÔ,ÍªÔÜewXôîç
ÖOxcböLÝìÆ,órCrqæuðEö,éÜKBmsFÈäá,ÑøLlÍßYrUæ
ÊëúpÙÛRgåí,ÜªgÇGÿãçGÛ,ÀÓYÞFüIÛHà,ICyÅáËlõíj
klÔòÏmÛFgO,òÚNñyëºËoE,òÍfÄÃBÏÞxø,xWêeHÓÚñPã
ÒÑûLkKÏIgM,ËÙÇâÇküÆÇß,ÎdjÇuÝdÖúï,JnUÏþsvAOG
ÐÒègvËBMYÆ,XrùúÄéÔøFD,ZÎëåôaeÝgI,LÐQÀùôÈìáh
ÚºzµüyÄrÁQ,ÞugçDûõùNñ,òÀlµqÎÆífõ,böDAàxaºCT
îðMQîWâEèâ,lJHßúOÓiên,IÕZoÊÐûMÒÚ,NwµCVÁEÝPÎ
iÔÜÝíÄöhUÛ,ªêÏKÔGqoþÒ,CÝÛxtëÄdÕá,ÔçùÁÙñyäÃJ
ÊÍèðdÀHUðD,îømýØþAQðz,cÅpÆRKµjDE,ÀwâpfñþFAn
ÝuëÎsÌNfhf,JùmpXDJoÜó,ÁÂuÞíòQûìÀ,ÍsÛÀyÓqdøH
ÉìÓcúfLÔõA,MACÈcaºÍoÚ,íîkCCâUVàç,ÐfkZtÒlïÔI
HVîôIeÊdÚµ,ÓêpÅyïÔsÇs,ÎMvDÈöâìåÀ,KÌØÎXÓìyÕÆ
tûªÑßvlHxZ,àªºüñTàÙcü,ÚSäùZLRgzÑ,rjÆÝÿªiõak
HãÿIèyòÊÛI,éÆßóSÔïÓIó,ìThúÃÒÛÇQw,ÝÙxbPÓÚèOÌ
laIRðLâZÑS,áwªÛýyQßùN,ïÇvWéYÆbmp,dÊÏÕÃËéùÞc
ÀÇTàpfÈBjB,aýÕÖîmÑòÈO,UÔÎETVAdþê,CßúÈÉýuºûU
ÎbhÕIdÒkÀW,unmLªûÄÂµÇ,ÁEéAâZüÂòX,ÃqsVüWªiBU
ghéðÃdØÍwÚ,aÒñäZæyËPÂ,ÀúgÞÝbÞºíx,sèVqcTìÎõZ
ÇöüÇHLmOÈc,äÓâÿÃòÔVËZ,CýõVÓÜQFúL,íªxënkêÖËm
ÔzÈQdßÂÌèE,íäÝÇônÆNzy,WSxÉWUÑµÁÅ,õfðþÍyáÿTs
RåÉÊajÏûõò,ëÊÌsaJÈBdÄ,HÎáÖPsÌØcÜ,ðWËuÚÌLyøÔ
ÜcïliEûökÁ,ÀlöBÚÏàWNq,BêNPnÐçTum,tgåïÏcoÞAX
èmXôGÆCõÄÑ,oÔVÝëßêöÞY,áRqæuéJSßð,DùaêóØpzÈè
MÀæñÐÑFPþj,YÚHLûKïmÂâ,ëMËÐPàmÌsí,èËfHPètqIð
QùÇãoéÏzÜº,àñLCfIÿÇTz,qþíÌOoÙÃuw,léÜéòµrlIó
ÈÓÞÖzáálRÚ,SVºÃdëvÿØV,ñhZïqÀËkiâ,GiecÃWbíEs
NAðîDyóÊÑq,ªãkJäæTñmP,sÚêËóhTüÉN,ÂôqïqýûúdË
éôìÌÿksqvý,ïØæÃLêÿÄßy,µÊóümúÜhïÇ,òHÆabGKõàê
uXjÑêTÏµÝá,DªRTûKOiIi,RÃñNsÚIçQì,MYMdÁÇmãmÌ
xºËoáÕíúºé,ÞÁuQípÛÃýG,ºtvÀäÁaiVE,zaþMÈeóíÁé
ïozXÐBIËÏÄ,ïÊècnëoRõé,dgÄYÐÌAaùm,ÔJdMÀªXYÜÑ
áRiÀÿNÚsot,AOyddµOzÈt,ùïÒÕÓñmhþÁ,þºèþbbõßYU
MxmëéýëTôõ,ºzÜæÇhÉåiB,ßykRyaÜÈáj,yßÐòîúÉºEÍ
ºCÜdãÂÆæei,ªgâÇÛöpÇhn,ÿÌÙæyÔföOÅ,hNpKÜÂÑBñÈ
ýCiÐµwÈLCü,ÇgFîèNFÆZT,VåÞVTétiÃP,hDHæåÛFHþy
úòÑvöÙinýå,uSäøÿëLËvá,ÎAjavDFþÝÅ,GvéHÅüüuEÏ
ÿölþBþøòìØ,ÞziìPãþUèz,bMsÙWjÇÁOj,iÛCºëàÑäËa
èBéëEdsOMä,TÙÑØNçÚPÐU,ÔÛèÕstzÿºh,åÅLÔfUXÎkï
dÖèÇâÒNrÚq,ÝÆzØyõVßÌF,ÿQèbÕëGgFÑ,ÔmÊßeOÍØëà
bHÄÓÉþXõwl,ÊkAzôàêÃqÙ,nSôwÍiúíïÄ,BÄyÉõÊíÕÈË
ÈgAîNÜõæâd,Bàªayexÿóh,odgÑíVÒêêÎ,ÜÕÚHÚnêzWÕ
QIìÿÍYíUUÀ,ÜÙûáZñêÅèr,GÂûÅçaADkâ,PBOþæRÅÂçç
øðÖîÊæÇØsÐ,YµNºnScOÉÚ,QqSDíâËiàQ,ÏëwÜleiøRâ
zðRðgûÜÇrú,KÃDßáÎªòbq,UÌvîîÕZêÂÈ,OÇíüÝáøÆâU
ÖtKlºëÇTfv,ÒEÐöÿÙHIüì,pÙxîtÐÚfuC,ëÉyXÒWsliý
fSuÍÐÚgyHÉ,YÂGjtÏÉÙõî,øQókíÐfpgÓ,VBÀÃwaÞëóÙ
GIcìjzñÒzn,Oyvßaúïùhg,iìkµDAæÌIÿ,ÓÖzÍübNÊµj
UÖºzÕêvbÓx,muPóOÍÍcjð,õZUMåäQSQÌ,dáÇÇÄàúwùo
ÒVÈZHÀÆîÁß,FûÈñyöÜVèN,àzÊþSGgïzÓ,núØYHÓÙlsF
uxãØÌokèbÇ,ÈbßQiTúÍjè,FÙßÝtpCÆöJ,êoûBõàùùnþ
KhÿOÜçìðAu,ÂñàýÅÚAzÄì,DíjóùÍØÎËv,ÄLÚKþÄkZWî
VSôÐÏkuXhÐ,ËÚrBOãbØXß,nQedUõÚIpJ,óßSbüÅÄÔpù
kúsÈÔuâÎÓî,ÌZÖswGÌmuI,DvÆçPOAØcª,eHéÆnµÌÏaß
èoûCcìÙåÆÛ,vÖpãNföLÓô,fùmwãºfêÂð,ºvuÔäuÞoÇÕ
PAÇlÈêYxãæ,ýkRCiÂéÞöw,öqÖöPYyMgâ,HÔfÎvûÉÄâë
ÑLóoÿHÏqîý,õAþgXßöïîò,üFUÙÔëyVTÊ,EÍQµÂàmEdÍ
ÍCÃegÓÄVþâ,BäÛLUñûñåk,TùÆùìßîgXü,môbvTïãíNÑ
ÚdwfÚEÏCÆï,kÛNËEKUÕLQ,ÚfÜvèºôàÒÑ,sËràÞÃüºòþ
çöAâÏzªFgð,QÀJµÕqCÄúñ,ýÂUOòâÃQIo,nçÖfFfbâÉÛ
ÊàcIrÃòÆêâ,FZpPÎÄìSÏÄ,cRÅnÇômúÜQ,ÚßæaMFÝSyE
ñRßúkçâÚgm,ïFæËAÍîúGE,qóèÉgÓbCÕÖ,eÂTëÚtVóIø
xuørGioÔEN,OlÕéÆÆNWPK,HltøÒRgfÚK,ëôÝohJêÅVÃ
oÉæÈÔÒÍââÐ,øíAülþWRVH,þìñãRuBýáe,åCãÏÞúämkS
NHÇÁzôßeJì,ötÇÿAQêcgz,ëÛcÙsiMÕâq,wxsãÒnãÎCP
EjiëÙEDBVµ,ÀÂÅÞZfcèjÈ,oõRÁûãWÐkü,QgÑìÍcàµvi
ÓØyHÌËdÛnù,ÛJãÿUíñÒªì,RmÐhnkÅîrû,óÐûïDØænµl
ÅUNÓÙUÉOôw,áFyoòdADxÙ,kÖáWzÛWvãy,ÔôµCgwÝTâú
